exchange,uptake
EX_pi_e,0.8459567750195452
EX_mn2_e,0.0006060050751690333
EX_fe2_e,0.014085452259494822
EX_glc__D_e,10.0
EX_zn2_e,0.0002990560501195953
EX_mg2_e,0.007607950835153927
EX_ca2_e,0.004564770501092357
EX_ni2_e,0.0002832701002599099
EX_cu2_e,0.0006217910250287187
EX_cobalt2_e,2.1924930360674143e-05
EX_mobd_e,6.138980500988759e-06
EX_so4_e,0.22084543853699812
EX_nh4_e,9.47149537104806
EX_k_e,0.17118371727564272
EX_cl_e,0.004564770501092357
EX_o2_e,22.13176323894571
